{
    "loss": 0.0016072157304733992,
    "accuracy": 0.9993333220481873,
    "precision": 1.0,
    "recall": 0.9983333349227905,
    "confusion_matrix": [
        [
            900,
            0
        ],
        [
            1,
            599
        ]
    ]
}